{
  "project_info": {
    "project_number": "95335426354",
    "firebase_url": "https://aasan-bdb4b-default-rtdb.firebaseio.com",
    "project_id": "aasan-bdb4b",
    "storage_bucket": "aasan-bdb4b.appspot.com"
  },
  "client": [
    {
      "client_info": {
        "mobilesdk_app_id": "1:95335426354:android:ffb33a358544f0f7344f2b",
        "android_client_info": {
          "package_name": "com.example.aasan"
        }
      },
      "oauth_client": [
        {
          "client_id": "95335426354-drqi84j1jvkgsdpothoi6r0psnespsfg.apps.googleusercontent.com",
          "client_type": 3
        }
      ],
      "api_key": [
        {
          "current_key": "AIzaSyCLAtULKfoIaykOakuF8azoI9SzwuUYMJc"
        }
      ],
      "services": {
        "appinvite_service": {
          "other_platform_oauth_client": [
            {
              "client_id": "95335426354-drqi84j1jvkgsdpothoi6r0psnespsfg.apps.googleusercontent.com",
              "client_type": 3
            }
          ]
        }
      }
    }
  ],
  "configuration_version": "1"
}